Term,Document,Frequency
ngôn,Gioi_thieu_ngon_ngu_lap_trinh.txt,8
ngôn,Hieu_ro_hon_ve_Cpp.txt,1
ngôn,Lap_trinh_ham_hoc_voi_Haskell.txt,2
ngôn,Loi_ich_cua_JavaScript.txt,4
ngôn,Ngon_ngu_Go.txt,1
ngôn,Ngon_ngu_kieu_tinh_va_dong.txt,6
ngôn,Python_trong_khoa_hoc_du_lieu.txt,2
ngôn,Su_phat_trien_cua_Java.txt,2
ngữ,Gioi_thieu_ngon_ngu_lap_trinh.txt,8
ngữ,Hieu_ro_hon_ve_Cpp.txt,1
ngữ,Lap_trinh_ham_hoc_voi_Haskell.txt,2
ngữ,Loi_ich_cua_JavaScript.txt,4
ngữ,Ngon_ngu_Go.txt,1
ngữ,Ngon_ngu_kieu_tinh_va_dong.txt,6
ngữ,Python_trong_khoa_hoc_du_lieu.txt,2
ngữ,Su_phat_trien_cua_Java.txt,2
lập,Gioi_thieu_ngon_ngu_lap_trinh.txt,7
lập,Hieu_ro_hon_ve_Cpp.txt,6
lập,Lap_trinh_ham_hoc_voi_Haskell.txt,2
lập,Loi_ich_cua_JavaScript.txt,3
lập,Ngon_ngu_Go.txt,1
lập,Ngon_ngu_kieu_tinh_va_dong.txt,1
lập,Python_trong_khoa_hoc_du_lieu.txt,1
lập,Su_phat_trien_cua_Java.txt,3
trình,Gioi_thieu_ngon_ngu_lap_trinh.txt,7
trình,Hieu_ro_hon_ve_Cpp.txt,6
trình,Lap_trinh_ham_hoc_voi_Haskell.txt,2
trình,Loi_ich_cua_JavaScript.txt,5
trình,Ngon_ngu_Go.txt,2
trình,Ngon_ngu_kieu_tinh_va_dong.txt,2
trình,Python_trong_khoa_hoc_du_lieu.txt,1
trình,Su_phat_trien_cua_Java.txt,3
công,Gioi_thieu_ngon_ngu_lap_trinh.txt,3
công,Hieu_ro_hon_ve_Cpp.txt,1
công,Ngon_ngu_Go.txt,1
công,Python_trong_khoa_hoc_du_lieu.txt,2
cụ,Gioi_thieu_ngon_ngu_lap_trinh.txt,1
cụ,Ngon_ngu_Go.txt,1
cụ,Python_trong_khoa_hoc_du_lieu.txt,2
cơ,Gioi_thieu_ngon_ngu_lap_trinh.txt,1
cơ,Lap_trinh_ham_hoc_voi_Haskell.txt,1
bản,Gioi_thieu_ngon_ngu_lap_trinh.txt,1
bản,Su_phat_trien_cua_Java.txt,1
giúp,Gioi_thieu_ngon_ngu_lap_trinh.txt,3
giúp,Hieu_ro_hon_ve_Cpp.txt,1
giúp,Lap_trinh_ham_hoc_voi_Haskell.txt,2
giúp,Loi_ich_cua_JavaScript.txt,4
giúp,Ngon_ngu_Go.txt,3
giúp,Ngon_ngu_kieu_tinh_va_dong.txt,3
giúp,Python_trong_khoa_hoc_du_lieu.txt,1
giúp,Su_phat_trien_cua_Java.txt,2
viên,Gioi_thieu_ngon_ngu_lap_trinh.txt,2
viên,Hieu_ro_hon_ve_Cpp.txt,1
viên,Ngon_ngu_kieu_tinh_va_dong.txt,1
viên,Python_trong_khoa_hoc_du_lieu.txt,1
viên,Su_phat_trien_cua_Java.txt,1
giao,Gioi_thieu_ngon_ngu_lap_trinh.txt,1
tiếp,Gioi_thieu_ngon_ngu_lap_trinh.txt,1
dẫn,Gioi_thieu_ngon_ngu_lap_trinh.txt,1
máy,Gioi_thieu_ngon_ngu_lap_trinh.txt,2
máy,Python_trong_khoa_hoc_du_lieu.txt,2
tính,Gioi_thieu_ngon_ngu_lap_trinh.txt,4
tính,Lap_trinh_ham_hoc_voi_Haskell.txt,4
tính,Ngon_ngu_kieu_tinh_va_dong.txt,2
tính,Su_phat_trien_cua_Java.txt,2
thực,Gioi_thieu_ngon_ngu_lap_trinh.txt,2
thực,Ngon_ngu_kieu_tinh_va_dong.txt,1
thi,Gioi_thieu_ngon_ngu_lap_trinh.txt,2
tác,Gioi_thieu_ngon_ngu_lap_trinh.txt,2
tác,Loi_ich_cua_JavaScript.txt,3
tác,Python_trong_khoa_hoc_du_lieu.txt,1
vụ,Gioi_thieu_ngon_ngu_lap_trinh.txt,2
vụ,Lap_trinh_ham_hoc_voi_Haskell.txt,1
vụ,Ngon_ngu_Go.txt,1
vụ,Python_trong_khoa_hoc_du_lieu.txt,1
cấp,Gioi_thieu_ngon_ngu_lap_trinh.txt,2
cấp,Hieu_ro_hon_ve_Cpp.txt,2
cấp,Python_trong_khoa_hoc_du_lieu.txt,1
thấp,Gioi_thieu_ngon_ngu_lap_trinh.txt,1
thấp,Hieu_ro_hon_ve_Cpp.txt,1
cao,Gioi_thieu_ngon_ngu_lap_trinh.txt,2
cao,Hieu_ro_hon_ve_Cpp.txt,3
cao,Lap_trinh_ham_hoc_voi_Haskell.txt,1
cao,Loi_ich_cua_JavaScript.txt,1
cao,Su_phat_trien_cua_Java.txt,1
mỗi,Gioi_thieu_ngon_ngu_lap_trinh.txt,1
loại,Gioi_thieu_ngon_ngu_lap_trinh.txt,1
mang,Gioi_thieu_ngon_ngu_lap_trinh.txt,1
năng,Gioi_thieu_ngon_ngu_lap_trinh.txt,3
năng,Hieu_ro_hon_ve_Cpp.txt,1
năng,Loi_ich_cua_JavaScript.txt,1
năng,Ngon_ngu_Go.txt,1
năng,Su_phat_trien_cua_Java.txt,3
phương,Gioi_thieu_ngon_ngu_lap_trinh.txt,1
phương,Su_phat_trien_cua_Java.txt,1
pháp,Gioi_thieu_ngon_ngu_lap_trinh.txt,1
pháp,Ngon_ngu_Go.txt,1
pháp,Python_trong_khoa_hoc_du_lieu.txt,2
phát,Gioi_thieu_ngon_ngu_lap_trinh.txt,4
phát,Hieu_ro_hon_ve_Cpp.txt,2
phát,Lap_trinh_ham_hoc_voi_Haskell.txt,4
phát,Loi_ich_cua_JavaScript.txt,4
phát,Ngon_ngu_Go.txt,3
phát,Ngon_ngu_kieu_tinh_va_dong.txt,5
phát,Python_trong_khoa_hoc_du_lieu.txt,2
phát,Su_phat_trien_cua_Java.txt,4
triển,Gioi_thieu_ngon_ngu_lap_trinh.txt,4
triển,Hieu_ro_hon_ve_Cpp.txt,2
triển,Lap_trinh_ham_hoc_voi_Haskell.txt,3
triển,Loi_ich_cua_JavaScript.txt,4
triển,Ngon_ngu_Go.txt,3
triển,Ngon_ngu_kieu_tinh_va_dong.txt,2
triển,Python_trong_khoa_hoc_du_lieu.txt,3
triển,Su_phat_trien_cua_Java.txt,4
khác,Gioi_thieu_ngon_ngu_lap_trinh.txt,1
khác,Hieu_ro_hon_ve_Cpp.txt,1
nhau,Gioi_thieu_ngon_ngu_lap_trinh.txt,1
nhau,Hieu_ro_hon_ve_Cpp.txt,1
nhằm,Gioi_thieu_ngon_ngu_lap_trinh.txt,1
đáp,Gioi_thieu_ngon_ngu_lap_trinh.txt,1
ứng,Gioi_thieu_ngon_ngu_lap_trinh.txt,3
ứng,Hieu_ro_hon_ve_Cpp.txt,1
ứng,Lap_trinh_ham_hoc_voi_Haskell.txt,1
ứng,Loi_ich_cua_JavaScript.txt,3
ứng,Ngon_ngu_Go.txt,1
ứng,Su_phat_trien_cua_Java.txt,5
nhu,Gioi_thieu_ngon_ngu_lap_trinh.txt,1
cầu,Gioi_thieu_ngon_ngu_lap_trinh.txt,2
cầu,Hieu_ro_hon_ve_Cpp.txt,1
cầu,Ngon_ngu_kieu_tinh_va_dong.txt,1
đa,Gioi_thieu_ngon_ngu_lap_trinh.txt,2
đa,Loi_ich_cua_JavaScript.txt,1
đa,Su_phat_trien_cua_Java.txt,3
dạng,Gioi_thieu_ngon_ngu_lap_trinh.txt,1
lĩnh,Gioi_thieu_ngon_ngu_lap_trinh.txt,1
lĩnh,Python_trong_khoa_hoc_du_lieu.txt,2
vực,Gioi_thieu_ngon_ngu_lap_trinh.txt,1
vực,Python_trong_khoa_hoc_du_lieu.txt,2
phần,Gioi_thieu_ngon_ngu_lap_trinh.txt,1
phần,Lap_trinh_ham_hoc_voi_Haskell.txt,2
phần,Ngon_ngu_Go.txt,1
mềm,Gioi_thieu_ngon_ngu_lap_trinh.txt,1
mềm,Lap_trinh_ham_hoc_voi_Haskell.txt,1
mềm,Ngon_ngu_Go.txt,1
đóng,Gioi_thieu_ngon_ngu_lap_trinh.txt,1
vai,Gioi_thieu_ngon_ngu_lap_trinh.txt,1
trò,Gioi_thieu_ngon_ngu_lap_trinh.txt,1
quan,Gioi_thieu_ngon_ngu_lap_trinh.txt,1
trọng,Gioi_thieu_ngon_ngu_lap_trinh.txt,1
sự,Gioi_thieu_ngon_ngu_lap_trinh.txt,1
sự,Ngon_ngu_Go.txt,1
sự,Ngon_ngu_kieu_tinh_va_dong.txt,1
nghệ,Gioi_thieu_ngon_ngu_lap_trinh.txt,2
thông,Gioi_thieu_ngon_ngu_lap_trinh.txt,1
thông,Ngon_ngu_Go.txt,1
tin,Gioi_thieu_ngon_ngu_lap_trinh.txt,1
chúng,Gioi_thieu_ngon_ngu_lap_trinh.txt,1
truyền,Gioi_thieu_ngon_ngu_lap_trinh.txt,1
đạt,Gioi_thieu_ngon_ngu_lap_trinh.txt,1
ý,Gioi_thieu_ngon_ngu_lap_trinh.txt,1
tưởng,Gioi_thieu_ngon_ngu_lap_trinh.txt,1
thành,Gioi_thieu_ngon_ngu_lap_trinh.txt,1
thành,Lap_trinh_ham_hoc_voi_Haskell.txt,1
thành,Loi_ich_cua_JavaScript.txt,3
thành,Python_trong_khoa_hoc_du_lieu.txt,1
thành,Su_phat_trien_cua_Java.txt,1
câu,Gioi_thieu_ngon_ngu_lap_trinh.txt,1
lệnh,Gioi_thieu_ngon_ngu_lap_trinh.txt,1
thể,Gioi_thieu_ngon_ngu_lap_trinh.txt,1
thể,Lap_trinh_ham_hoc_voi_Haskell.txt,1
thể,Ngon_ngu_kieu_tinh_va_dong.txt,2
hiểu,Gioi_thieu_ngon_ngu_lap_trinh.txt,1
hiểu,Hieu_ro_hon_ve_Cpp.txt,1
qua,Gioi_thieu_ngon_ngu_lap_trinh.txt,1
qua,Ngon_ngu_Go.txt,1
thời,Gioi_thieu_ngon_ngu_lap_trinh.txt,2
thời,Lap_trinh_ham_hoc_voi_Haskell.txt,1
thời,Ngon_ngu_Go.txt,3
thời,Ngon_ngu_kieu_tinh_va_dong.txt,1
gian,Gioi_thieu_ngon_ngu_lap_trinh.txt,2
gian,Ngon_ngu_Go.txt,1
hỗ,Gioi_thieu_ngon_ngu_lap_trinh.txt,3
hỗ,Hieu_ro_hon_ve_Cpp.txt,2
hỗ,Lap_trinh_ham_hoc_voi_Haskell.txt,1
hỗ,Loi_ich_cua_JavaScript.txt,1
hỗ,Ngon_ngu_Go.txt,2
hỗ,Ngon_ngu_kieu_tinh_va_dong.txt,1
hỗ,Python_trong_khoa_hoc_du_lieu.txt,1
hỗ,Su_phat_trien_cua_Java.txt,1
trợ,Gioi_thieu_ngon_ngu_lap_trinh.txt,3
trợ,Hieu_ro_hon_ve_Cpp.txt,2
trợ,Lap_trinh_ham_hoc_voi_Haskell.txt,1
trợ,Loi_ich_cua_JavaScript.txt,1
trợ,Ngon_ngu_Go.txt,2
trợ,Ngon_ngu_kieu_tinh_va_dong.txt,1
trợ,Python_trong_khoa_hoc_du_lieu.txt,1
trợ,Su_phat_trien_cua_Java.txt,1
hiệu,Gioi_thieu_ngon_ngu_lap_trinh.txt,1
hiệu,Hieu_ro_hon_ve_Cpp.txt,3
hiệu,Loi_ich_cua_JavaScript.txt,2
hiệu,Ngon_ngu_Go.txt,2
hiệu,Ngon_ngu_kieu_tinh_va_dong.txt,2
hiệu,Su_phat_trien_cua_Java.txt,1
quả,Gioi_thieu_ngon_ngu_lap_trinh.txt,1
quả,Hieu_ro_hon_ve_Cpp.txt,1
quả,Loi_ich_cua_JavaScript.txt,2
quả,Ngon_ngu_Go.txt,1
quả,Ngon_ngu_kieu_tinh_va_dong.txt,1
hơn,Gioi_thieu_ngon_ngu_lap_trinh.txt,1
hơn,Ngon_ngu_kieu_tinh_va_dong.txt,1
nhiệm,Gioi_thieu_ngon_ngu_lap_trinh.txt,1
phức,Gioi_thieu_ngon_ngu_lap_trinh.txt,1
phức,Hieu_ro_hon_ve_Cpp.txt,2
phức,Lap_trinh_ham_hoc_voi_Haskell.txt,1
phức,Loi_ich_cua_JavaScript.txt,1
phức,Python_trong_khoa_hoc_du_lieu.txt,1
tạp,Gioi_thieu_ngon_ngu_lap_trinh.txt,1
tạp,Hieu_ro_hon_ve_Cpp.txt,2
tạp,Lap_trinh_ham_hoc_voi_Haskell.txt,1
tạp,Loi_ich_cua_JavaScript.txt,1
tạp,Python_trong_khoa_hoc_du_lieu.txt,1
ngày,Gioi_thieu_ngon_ngu_lap_trinh.txt,1
ngày,Ngon_ngu_Go.txt,1
nay,Gioi_thieu_ngon_ngu_lap_trinh.txt,1
nay,Loi_ich_cua_JavaScript.txt,1
việc,Gioi_thieu_ngon_ngu_lap_trinh.txt,1
việc,Hieu_ro_hon_ve_Cpp.txt,1
việc,Ngon_ngu_Go.txt,1
việc,Ngon_ngu_kieu_tinh_va_dong.txt,1
việc,Python_trong_khoa_hoc_du_lieu.txt,1
lựa,Gioi_thieu_ngon_ngu_lap_trinh.txt,1
lựa,Lap_trinh_ham_hoc_voi_Haskell.txt,1
lựa,Ngon_ngu_kieu_tinh_va_dong.txt,1
chọn,Gioi_thieu_ngon_ngu_lap_trinh.txt,1
chọn,Lap_trinh_ham_hoc_voi_Haskell.txt,1
chọn,Ngon_ngu_kieu_tinh_va_dong.txt,1
phù,Gioi_thieu_ngon_ngu_lap_trinh.txt,1
phù,Hieu_ro_hon_ve_Cpp.txt,2
phù,Ngon_ngu_Go.txt,2
phù,Su_phat_trien_cua_Java.txt,1
hợp,Gioi_thieu_ngon_ngu_lap_trinh.txt,1
hợp,Hieu_ro_hon_ve_Cpp.txt,2
hợp,Ngon_ngu_Go.txt,4
hợp,Su_phat_trien_cua_Java.txt,1
phụ,Gioi_thieu_ngon_ngu_lap_trinh.txt,1
phụ,Ngon_ngu_kieu_tinh_va_dong.txt,1
thuộc,Gioi_thieu_ngon_ngu_lap_trinh.txt,1
thuộc,Ngon_ngu_kieu_tinh_va_dong.txt,1
vào,Gioi_thieu_ngon_ngu_lap_trinh.txt,1
vào,Ngon_ngu_kieu_tinh_va_dong.txt,1
mục,Gioi_thieu_ngon_ngu_lap_trinh.txt,1
tiêu,Gioi_thieu_ngon_ngu_lap_trinh.txt,1
dự,Gioi_thieu_ngon_ngu_lap_trinh.txt,1
dự,Lap_trinh_ham_hoc_voi_Haskell.txt,1
dự,Ngon_ngu_Go.txt,1
dự,Ngon_ngu_kieu_tinh_va_dong.txt,1
án,Gioi_thieu_ngon_ngu_lap_trinh.txt,1
án,Ngon_ngu_Go.txt,1
án,Ngon_ngu_kieu_tinh_va_dong.txt,1
nền,Gioi_thieu_ngon_ngu_lap_trinh.txt,2
nền,Python_trong_khoa_hoc_du_lieu.txt,1
nền,Su_phat_trien_cua_Java.txt,2
tảng,Gioi_thieu_ngon_ngu_lap_trinh.txt,2
tảng,Su_phat_trien_cua_Java.txt,2
yêu,Gioi_thieu_ngon_ngu_lap_trinh.txt,1
yêu,Hieu_ro_hon_ve_Cpp.txt,1
yêu,Ngon_ngu_kieu_tinh_va_dong.txt,1
kỹ,Gioi_thieu_ngon_ngu_lap_trinh.txt,1
thuật,Gioi_thieu_ngon_ngu_lap_trinh.txt,1
số,Gioi_thieu_ngon_ngu_lap_trinh.txt,1
phổ,Gioi_thieu_ngon_ngu_lap_trinh.txt,1
phổ,Python_trong_khoa_hoc_du_lieu.txt,1
phổ,Su_phat_trien_cua_Java.txt,1
biến,Gioi_thieu_ngon_ngu_lap_trinh.txt,2
biến,Lap_trinh_ham_hoc_voi_Haskell.txt,2
biến,Python_trong_khoa_hoc_du_lieu.txt,1
biến,Su_phat_trien_cua_Java.txt,1
cộng,Gioi_thieu_ngon_ngu_lap_trinh.txt,1
cộng,Lap_trinh_ham_hoc_voi_Haskell.txt,1
cộng,Ngon_ngu_Go.txt,1
cộng,Python_trong_khoa_hoc_du_lieu.txt,1
đồng,Gioi_thieu_ngon_ngu_lap_trinh.txt,1
đồng,Lap_trinh_ham_hoc_voi_Haskell.txt,1
đồng,Loi_ich_cua_JavaScript.txt,1
đồng,Ngon_ngu_Go.txt,3
đồng,Python_trong_khoa_hoc_du_lieu.txt,1
lớn,Gioi_thieu_ngon_ngu_lap_trinh.txt,1
lớn,Loi_ich_cua_JavaScript.txt,1
lớn,Ngon_ngu_Go.txt,1
lớn,Python_trong_khoa_hoc_du_lieu.txt,1
lớn,Su_phat_trien_cua_Java.txt,2
thư,Gioi_thieu_ngon_ngu_lap_trinh.txt,1
thư,Hieu_ro_hon_ve_Cpp.txt,1
thư,Lap_trinh_ham_hoc_voi_Haskell.txt,1
thư,Loi_ich_cua_JavaScript.txt,1
thư,Ngon_ngu_Go.txt,1
thư,Python_trong_khoa_hoc_du_lieu.txt,3
thư,Su_phat_trien_cua_Java.txt,1
viện,Gioi_thieu_ngon_ngu_lap_trinh.txt,1
viện,Hieu_ro_hon_ve_Cpp.txt,1
viện,Lap_trinh_ham_hoc_voi_Haskell.txt,1
viện,Loi_ich_cua_JavaScript.txt,1
viện,Ngon_ngu_Go.txt,1
viện,Python_trong_khoa_hoc_du_lieu.txt,3
viện,Su_phat_trien_cua_Java.txt,1
phong,Gioi_thieu_ngon_ngu_lap_trinh.txt,1
phong,Loi_ich_cua_JavaScript.txt,2
phong,Python_trong_khoa_hoc_du_lieu.txt,2
phú,Gioi_thieu_ngon_ngu_lap_trinh.txt,1
phú,Loi_ich_cua_JavaScript.txt,2
phú,Python_trong_khoa_hoc_du_lieu.txt,2
rút,Gioi_thieu_ngon_ngu_lap_trinh.txt,1
ngắn,Gioi_thieu_ngon_ngu_lap_trinh.txt,1
ngắn,Lap_trinh_ham_hoc_voi_Haskell.txt,2
ngoài,Gioi_thieu_ngon_ngu_lap_trinh.txt,1
ngoài,Lap_trinh_ham_hoc_voi_Haskell.txt,1
ngoài,Python_trong_khoa_hoc_du_lieu.txt,1
ngoài,Su_phat_trien_cua_Java.txt,1
xu,Gioi_thieu_ngon_ngu_lap_trinh.txt,1
hướng,Gioi_thieu_ngon_ngu_lap_trinh.txt,2
hướng,Hieu_ro_hon_ve_Cpp.txt,2
hiện,Gioi_thieu_ngon_ngu_lap_trinh.txt,1
hiện,Lap_trinh_ham_hoc_voi_Haskell.txt,2
hiện,Loi_ich_cua_JavaScript.txt,2
hiện,Ngon_ngu_kieu_tinh_va_dong.txt,5
hiện,Su_phat_trien_cua_Java.txt,1
đại,Gioi_thieu_ngon_ngu_lap_trinh.txt,1
đại,Loi_ich_cua_JavaScript.txt,2
đại,Ngon_ngu_kieu_tinh_va_dong.txt,1
đại,Su_phat_trien_cua_Java.txt,1
tới,Gioi_thieu_ngon_ngu_lap_trinh.txt,1
khả,Gioi_thieu_ngon_ngu_lap_trinh.txt,1
khả,Hieu_ro_hon_ve_Cpp.txt,1
khả,Loi_ich_cua_JavaScript.txt,1
khả,Ngon_ngu_Go.txt,1
khả,Su_phat_trien_cua_Java.txt,1
tương,Gioi_thieu_ngon_ngu_lap_trinh.txt,1
tương,Loi_ich_cua_JavaScript.txt,3
hàm,Gioi_thieu_ngon_ngu_lap_trinh.txt,1
hàm,Lap_trinh_ham_hoc_voi_Haskell.txt,3
phản,Gioi_thieu_ngon_ngu_lap_trinh.txt,1
phản,Su_phat_trien_cua_Java.txt,1
thích,Gioi_thieu_ngon_ngu_lap_trinh.txt,1
môi,Gioi_thieu_ngon_ngu_lap_trinh.txt,1
trường,Gioi_thieu_ngon_ngu_lap_trinh.txt,1
đổi,Gioi_thieu_ngon_ngu_lap_trinh.txt,1
đổi,Python_trong_khoa_hoc_du_lieu.txt,1
nhanh,Gioi_thieu_ngon_ngu_lap_trinh.txt,1
nhanh,Ngon_ngu_Go.txt,2
nhanh,Ngon_ngu_kieu_tinh_va_dong.txt,1
nhanh,Su_phat_trien_cua_Java.txt,1
chóng,Gioi_thieu_ngon_ngu_lap_trinh.txt,1
c,Hieu_ro_hon_ve_Cpp.txt,6
cung,Hieu_ro_hon_ve_Cpp.txt,1
cung,Python_trong_khoa_hoc_du_lieu.txt,1
kiểm,Hieu_ro_hon_ve_Cpp.txt,2
kiểm,Ngon_ngu_Go.txt,1
kiểm,Ngon_ngu_kieu_tinh_va_dong.txt,3
soát,Hieu_ro_hon_ve_Cpp.txt,2
tài,Hieu_ro_hon_ve_Cpp.txt,2
nguyên,Hieu_ro_hon_ve_Cpp.txt,2
suất,Hieu_ro_hon_ve_Cpp.txt,2
suất,Ngon_ngu_Go.txt,1
suất,Ngon_ngu_kieu_tinh_va_dong.txt,1
cách,Hieu_ro_hon_ve_Cpp.txt,2
cách,Lap_trinh_ham_hoc_voi_Haskell.txt,1
cách,Loi_ich_cua_JavaScript.txt,1
chi,Hieu_ro_hon_ve_Cpp.txt,1
tiết,Hieu_ro_hon_ve_Cpp.txt,1
hệ,Hieu_ro_hon_ve_Cpp.txt,3
hệ,Lap_trinh_ham_hoc_voi_Haskell.txt,3
hệ,Loi_ich_cua_JavaScript.txt,1
hệ,Ngon_ngu_Go.txt,2
hệ,Python_trong_khoa_hoc_du_lieu.txt,1
hệ,Su_phat_trien_cua_Java.txt,1
thống,Hieu_ro_hon_ve_Cpp.txt,3
thống,Lap_trinh_ham_hoc_voi_Haskell.txt,3
thống,Ngon_ngu_Go.txt,2
thống,Python_trong_khoa_hoc_du_lieu.txt,1
game,Hieu_ro_hon_ve_Cpp.txt,2
tuy,Hieu_ro_hon_ve_Cpp.txt,1
nhiên,Hieu_ro_hon_ve_Cpp.txt,1
làm,Hieu_ro_hon_ve_Cpp.txt,2
chủ,Hieu_ro_hon_ve_Cpp.txt,1
đòi,Hieu_ro_hon_ve_Cpp.txt,1
đòi,Lap_trinh_ham_hoc_voi_Haskell.txt,1
hỏi,Hieu_ro_hon_ve_Cpp.txt,1
hỏi,Lap_trinh_ham_hoc_voi_Haskell.txt,1
kiến,Hieu_ro_hon_ve_Cpp.txt,1
kiến,Ngon_ngu_Go.txt,1
thức,Hieu_ro_hon_ve_Cpp.txt,1
sâu,Hieu_ro_hon_ve_Cpp.txt,1
quản,Hieu_ro_hon_ve_Cpp.txt,2
quản,Loi_ich_cua_JavaScript.txt,1
quản,Ngon_ngu_Go.txt,1
lý,Hieu_ro_hon_ve_Cpp.txt,3
lý,Lap_trinh_ham_hoc_voi_Haskell.txt,1
lý,Loi_ich_cua_JavaScript.txt,1
lý,Ngon_ngu_Go.txt,2
lý,Ngon_ngu_kieu_tinh_va_dong.txt,1
lý,Python_trong_khoa_hoc_du_lieu.txt,2
bộ,Hieu_ro_hon_ve_Cpp.txt,3
bộ,Loi_ich_cua_JavaScript.txt,1
bộ,Ngon_ngu_Go.txt,2
nhớ,Hieu_ro_hon_ve_Cpp.txt,3
nhớ,Ngon_ngu_Go.txt,1
thủ,Hieu_ro_hon_ve_Cpp.txt,2
khái,Hieu_ro_hon_ve_Cpp.txt,1
niệm,Hieu_ro_hon_ve_Cpp.txt,1
con,Hieu_ro_hon_ve_Cpp.txt,1
trỏ,Hieu_ro_hon_ve_Cpp.txt,1
đối,Hieu_ro_hon_ve_Cpp.txt,2
tượng,Hieu_ro_hon_ve_Cpp.txt,3
mạnh,Hieu_ro_hon_ve_Cpp.txt,2
mạnh,Lap_trinh_ham_hoc_voi_Haskell.txt,4
mạnh,Ngon_ngu_Go.txt,1
mạnh,Python_trong_khoa_hoc_du_lieu.txt,2
mẽ,Hieu_ro_hon_ve_Cpp.txt,2
mẽ,Lap_trinh_ham_hoc_voi_Haskell.txt,2
mẽ,Ngon_ngu_Go.txt,1
mẽ,Python_trong_khoa_hoc_du_lieu.txt,2
phép,Hieu_ro_hon_ve_Cpp.txt,1
phép,Lap_trinh_ham_hoc_voi_Haskell.txt,2
phép,Ngon_ngu_kieu_tinh_va_dong.txt,2
phép,Su_phat_trien_cua_Java.txt,1
mức,Hieu_ro_hon_ve_Cpp.txt,1
vẫn,Hieu_ro_hon_ve_Cpp.txt,1
trừu,Hieu_ro_hon_ve_Cpp.txt,1
nhúng,Hieu_ro_hon_ve_Cpp.txt,1
dụng,Hieu_ro_hon_ve_Cpp.txt,1
dụng,Lap_trinh_ham_hoc_voi_Haskell.txt,1
dụng,Loi_ich_cua_JavaScript.txt,4
dụng,Ngon_ngu_Go.txt,1
dụng,Su_phat_trien_cua_Java.txt,4
nhiều,Hieu_ro_hon_ve_Cpp.txt,1
nhiều,Lap_trinh_ham_hoc_voi_Haskell.txt,2
nhiều,Ngon_ngu_Go.txt,1
nhiều,Ngon_ngu_kieu_tinh_va_dong.txt,1
kiểu,Hieu_ro_hon_ve_Cpp.txt,1
kiểu,Lap_trinh_ham_hoc_voi_Haskell.txt,2
kiểu,Ngon_ngu_kieu_tinh_va_dong.txt,9
tục,Hieu_ro_hon_ve_Cpp.txt,1
mẫu,Hieu_ro_hon_ve_Cpp.txt,1
template,Hieu_ro_hon_ve_Cpp.txt,1
stl,Hieu_ro_hon_ve_Cpp.txt,1
xử,Hieu_ro_hon_ve_Cpp.txt,1
xử,Lap_trinh_ham_hoc_voi_Haskell.txt,1
xử,Ngon_ngu_Go.txt,1
xử,Ngon_ngu_kieu_tinh_va_dong.txt,1
xử,Python_trong_khoa_hoc_du_lieu.txt,2
dữ,Hieu_ro_hon_ve_Cpp.txt,1
dữ,Lap_trinh_ham_hoc_voi_Haskell.txt,2
dữ,Ngon_ngu_kieu_tinh_va_dong.txt,3
dữ,Python_trong_khoa_hoc_du_lieu.txt,5
liệu,Hieu_ro_hon_ve_Cpp.txt,1
liệu,Lap_trinh_ham_hoc_voi_Haskell.txt,2
liệu,Ngon_ngu_kieu_tinh_va_dong.txt,3
liệu,Python_trong_khoa_hoc_du_lieu.txt,5
mặc,Hieu_ro_hon_ve_Cpp.txt,1
dù,Hieu_ro_hon_ve_Cpp.txt,1
độ,Hieu_ro_hon_ve_Cpp.txt,1
độ,Lap_trinh_ham_hoc_voi_Haskell.txt,2
độ,Loi_ich_cua_JavaScript.txt,1
người,Hieu_ro_hon_ve_Cpp.txt,1
người,Loi_ich_cua_JavaScript.txt,1
rõ,Hieu_ro_hon_ve_Cpp.txt,1
tránh,Hieu_ro_hon_ve_Cpp.txt,1
lỗi,Hieu_ro_hon_ve_Cpp.txt,2
lỗi,Lap_trinh_ham_hoc_voi_Haskell.txt,1
lỗi,Ngon_ngu_Go.txt,1
lỗi,Ngon_ngu_kieu_tinh_va_dong.txt,4
rò,Hieu_ro_hon_ve_Cpp.txt,1
rỉ,Hieu_ro_hon_ve_Cpp.txt,1
hoặc,Hieu_ro_hon_ve_Cpp.txt,1
hoặc,Ngon_ngu_kieu_tinh_va_dong.txt,1
truy,Hieu_ro_hon_ve_Cpp.txt,1
cập,Hieu_ro_hon_ve_Cpp.txt,1
haskell,Lap_trinh_ham_hoc_voi_Haskell.txt,5
giới,Lap_trinh_ham_hoc_voi_Haskell.txt,1
thiệu,Lap_trinh_ham_hoc_voi_Haskell.txt,1
mô,Lap_trinh_ham_hoc_voi_Haskell.txt,1
mô,Loi_ich_cua_JavaScript.txt,1
mô,Ngon_ngu_Go.txt,1
mô,Ngon_ngu_kieu_tinh_va_dong.txt,1
mô,Python_trong_khoa_hoc_du_lieu.txt,2
mô,Su_phat_trien_cua_Java.txt,1
hình,Lap_trinh_ham_hoc_voi_Haskell.txt,1
hình,Loi_ich_cua_JavaScript.txt,1
hình,Python_trong_khoa_hoc_du_lieu.txt,2
thuần,Lap_trinh_ham_hoc_voi_Haskell.txt,2
túy,Lap_trinh_ham_hoc_voi_Haskell.txt,2
nhấn,Lap_trinh_ham_hoc_voi_Haskell.txt,1
bất,Lap_trinh_ham_hoc_voi_Haskell.txt,2
bất,Loi_ich_cua_JavaScript.txt,1
bất,Su_phat_trien_cua_Java.txt,1
toán,Lap_trinh_ham_hoc_voi_Haskell.txt,4
học,Lap_trinh_ham_hoc_voi_Haskell.txt,2
học,Ngon_ngu_Go.txt,1
học,Python_trong_khoa_hoc_du_lieu.txt,4
chế,Lap_trinh_ham_hoc_voi_Haskell.txt,1
đánh,Lap_trinh_ham_hoc_voi_Haskell.txt,1
giá,Lap_trinh_ham_hoc_voi_Haskell.txt,1
lười,Lap_trinh_ham_hoc_voi_Haskell.txt,1
tạo,Lap_trinh_ham_hoc_voi_Haskell.txt,1
tạo,Loi_ich_cua_JavaScript.txt,2
mã,Lap_trinh_ham_hoc_voi_Haskell.txt,1
mã,Loi_ich_cua_JavaScript.txt,1
mã,Su_phat_trien_cua_Java.txt,1
nguồn,Lap_trinh_ham_hoc_voi_Haskell.txt,1
nguồn,Loi_ich_cua_JavaScript.txt,1
gọn,Lap_trinh_ham_hoc_voi_Haskell.txt,2
dễ,Lap_trinh_ham_hoc_voi_Haskell.txt,1
dễ,Ngon_ngu_Go.txt,2
dễ,Python_trong_khoa_hoc_du_lieu.txt,1
đoán,Lap_trinh_ham_hoc_voi_Haskell.txt,1
nổi,Lap_trinh_ham_hoc_voi_Haskell.txt,1
nổi,Python_trong_khoa_hoc_du_lieu.txt,1
bật,Lap_trinh_ham_hoc_voi_Haskell.txt,1
bật,Python_trong_khoa_hoc_du_lieu.txt,1
lazy,Lap_trinh_ham_hoc_voi_Haskell.txt,1
hoãn,Lap_trinh_ham_hoc_voi_Haskell.txt,1
logic,Lap_trinh_ham_hoc_voi_Haskell.txt,1
điểm,Lap_trinh_ham_hoc_voi_Haskell.txt,1
điểm,Ngon_ngu_Go.txt,1
điểm,Ngon_ngu_kieu_tinh_va_dong.txt,1
biên,Lap_trinh_ham_hoc_voi_Haskell.txt,1
biên,Ngon_ngu_Go.txt,2
biên,Ngon_ngu_kieu_tinh_va_dong.txt,2
dịch,Lap_trinh_ham_hoc_voi_Haskell.txt,1
dịch,Ngon_ngu_Go.txt,3
dịch,Ngon_ngu_kieu_tinh_va_dong.txt,2
tăng,Lap_trinh_ham_hoc_voi_Haskell.txt,1
tăng,Loi_ich_cua_JavaScript.txt,1
tăng,Ngon_ngu_Go.txt,1
tăng,Ngon_ngu_kieu_tinh_va_dong.txt,1
an,Lap_trinh_ham_hoc_voi_Haskell.txt,1
an,Ngon_ngu_kieu_tinh_va_dong.txt,2
toàn,Lap_trinh_ham_hoc_voi_Haskell.txt,1
toàn,Loi_ich_cua_JavaScript.txt,2
toàn,Ngon_ngu_kieu_tinh_va_dong.txt,2
đây,Lap_trinh_ham_hoc_voi_Haskell.txt,1
nhà,Lap_trinh_ham_hoc_voi_Haskell.txt,2
nghiên,Lap_trinh_ham_hoc_voi_Haskell.txt,1
cứu,Lap_trinh_ham_hoc_voi_Haskell.txt,1
chính,Lap_trinh_ham_hoc_voi_Haskell.txt,1
xác,Lap_trinh_ham_hoc_voi_Haskell.txt,1
mở,Lap_trinh_ham_hoc_voi_Haskell.txt,1
mở,Ngon_ngu_Go.txt,1
rộng,Lap_trinh_ham_hoc_voi_Haskell.txt,1
rộng,Loi_ich_cua_JavaScript.txt,1
rộng,Ngon_ngu_Go.txt,1
rộng,Su_phat_trien_cua_Java.txt,1
phục,Lap_trinh_ham_hoc_voi_Haskell.txt,1
khoa,Lap_trinh_ham_hoc_voi_Haskell.txt,1
khoa,Python_trong_khoa_hoc_du_lieu.txt,2
web,Lap_trinh_ham_hoc_voi_Haskell.txt,1
web,Loi_ich_cua_JavaScript.txt,3
web,Su_phat_trien_cua_Java.txt,1
song,Lap_trinh_ham_hoc_voi_Haskell.txt,2
javascript,Loi_ich_cua_JavaScript.txt,5
không,Loi_ich_cua_JavaScript.txt,1
không,Su_phat_trien_cua_Java.txt,1
phía,Loi_ich_cua_JavaScript.txt,1
khách,Loi_ich_cua_JavaScript.txt,1
mà,Loi_ich_cua_JavaScript.txt,1
trở,Loi_ich_cua_JavaScript.txt,2
trở,Python_trong_khoa_hoc_du_lieu.txt,1
trở,Su_phat_trien_cua_Java.txt,1
diện,Loi_ich_cua_JavaScript.txt,2
framework,Loi_ich_cua_JavaScript.txt,2
framework,Python_trong_khoa_hoc_du_lieu.txt,1
framework,Su_phat_trien_cua_Java.txt,1
xây,Loi_ich_cua_JavaScript.txt,1
xây,Ngon_ngu_Go.txt,1
xây,Python_trong_khoa_hoc_du_lieu.txt,1
dựng,Loi_ich_cua_JavaScript.txt,1
dựng,Ngon_ngu_Go.txt,1
dựng,Python_trong_khoa_hoc_du_lieu.txt,1
ban,Loi_ich_cua_JavaScript.txt,1
đầu,Loi_ich_cua_JavaScript.txt,1
duyệt,Loi_ich_cua_JavaScript.txt,2
node,Loi_ich_cua_JavaScript.txt,1
js,Loi_ich_cua_JavaScript.txt,2
server,Loi_ich_cua_JavaScript.txt,1
side,Loi_ich_cua_JavaScript.txt,1
nhờ,Loi_ich_cua_JavaScript.txt,1
nhờ,Python_trong_khoa_hoc_du_lieu.txt,1
nhờ,Su_phat_trien_cua_Java.txt,2
chạy,Loi_ich_cua_JavaScript.txt,1
chạy,Ngon_ngu_kieu_tinh_va_dong.txt,1
chạy,Su_phat_trien_cua_Java.txt,2
mọi,Loi_ich_cua_JavaScript.txt,1
trải,Loi_ich_cua_JavaScript.txt,1
nghiệm,Loi_ich_cua_JavaScript.txt,1
nghiệm,Python_trong_khoa_hoc_du_lieu.txt,1
dùng,Loi_ich_cua_JavaScript.txt,1
động,Loi_ich_cua_JavaScript.txt,1
động,Ngon_ngu_Go.txt,2
động,Ngon_ngu_kieu_tinh_va_dong.txt,3
động,Su_phat_trien_cua_Java.txt,1
spa,Loi_ich_cua_JavaScript.txt,1
single,Loi_ich_cua_JavaScript.txt,1
page,Loi_ich_cua_JavaScript.txt,1
application,Loi_ich_cua_JavaScript.txt,1
sinh,Loi_ich_cua_JavaScript.txt,1
sinh,Python_trong_khoa_hoc_du_lieu.txt,1
sinh,Su_phat_trien_cua_Java.txt,1
thái,Loi_ich_cua_JavaScript.txt,1
thái,Python_trong_khoa_hoc_du_lieu.txt,1
thái,Su_phat_trien_cua_Java.txt,1
hàng,Loi_ich_cua_JavaScript.txt,1
hàng,Su_phat_trien_cua_Java.txt,1
ngàn,Loi_ich_cua_JavaScript.txt,1
react,Loi_ich_cua_JavaScript.txt,1
angular,Loi_ich_cua_JavaScript.txt,1
vue,Loi_ich_cua_JavaScript.txt,1
tốc,Loi_ich_cua_JavaScript.txt,1
go,Ngon_ngu_Go.txt,5
google,Ngon_ngu_Go.txt,2
kết,Ngon_ngu_Go.txt,1
đơn,Ngon_ngu_Go.txt,3
đơn,Python_trong_khoa_hoc_du_lieu.txt,2
giản,Ngon_ngu_Go.txt,3
giản,Python_trong_khoa_hoc_du_lieu.txt,2
đám,Ngon_ngu_Go.txt,1
mây,Ngon_ngu_Go.txt,1
trúc,Ngon_ngu_Go.txt,1
trúc,Su_phat_trien_cua_Java.txt,1
microservices,Ngon_ngu_Go.txt,2
thu,Ngon_ngu_Go.txt,1
gom,Ngon_ngu_Go.txt,1
rác,Ngon_ngu_Go.txt,1
tự,Ngon_ngu_Go.txt,2
hóa,Ngon_ngu_Go.txt,1
hóa,Python_trong_khoa_hoc_du_lieu.txt,1
hay,Ngon_ngu_Go.txt,1
hay,Ngon_ngu_kieu_tinh_va_dong.txt,1
golang,Ngon_ngu_Go.txt,1
thiết,Ngon_ngu_Go.txt,1
thiết,Su_phat_trien_cua_Java.txt,1
kế,Ngon_ngu_Go.txt,1
kế,Su_phat_trien_cua_Java.txt,1
ưu,Ngon_ngu_Go.txt,1
ưu,Ngon_ngu_kieu_tinh_va_dong.txt,1
ưu,Su_phat_trien_cua_Java.txt,1
goroutines,Ngon_ngu_Go.txt,1
mạng,Ngon_ngu_Go.txt,1
cloud,Ngon_ngu_Go.txt,1
computing,Ngon_ngu_Go.txt,1
cú,Ngon_ngu_Go.txt,1
cú,Python_trong_khoa_hoc_du_lieu.txt,2
giảm,Ngon_ngu_Go.txt,1
thiểu,Ngon_ngu_Go.txt,1
runtime,Ngon_ngu_Go.txt,1
runtime,Ngon_ngu_kieu_tinh_va_dong.txt,1
càng,Ngon_ngu_Go.txt,1
thử,Ngon_ngu_Go.txt,1
thử,Python_trong_khoa_hoc_du_lieu.txt,1
tích,Ngon_ngu_Go.txt,1
tích,Python_trong_khoa_hoc_du_lieu.txt,2
ci,Ngon_ngu_Go.txt,1
cd,Ngon_ngu_Go.txt,1
dàng,Ngon_ngu_Go.txt,1
dàng,Python_trong_khoa_hoc_du_lieu.txt,1
vận,Ngon_ngu_Go.txt,1
hành,Ngon_ngu_Go.txt,1
quy,Ngon_ngu_Go.txt,1
quy,Ngon_ngu_kieu_tinh_va_dong.txt,1
quy,Su_phat_trien_cua_Java.txt,1
tra,Ngon_ngu_kieu_tinh_va_dong.txt,3
tĩnh,Ngon_ngu_kieu_tinh_va_dong.txt,4
sớm,Ngon_ngu_kieu_tinh_va_dong.txt,1
tối,Ngon_ngu_kieu_tinh_va_dong.txt,1
tối,Su_phat_trien_cua_Java.txt,1
linh,Ngon_ngu_kieu_tinh_va_dong.txt,3
hoạt,Ngon_ngu_kieu_tinh_va_dong.txt,3
gặp,Ngon_ngu_kieu_tinh_va_dong.txt,1
quá,Ngon_ngu_kieu_tinh_va_dong.txt,1
ngay,Ngon_ngu_kieu_tinh_va_dong.txt,1
gây,Ngon_ngu_kieu_tinh_va_dong.txt,1
khó,Ngon_ngu_kieu_tinh_va_dong.txt,1
cả,Ngon_ngu_kieu_tinh_va_dong.txt,1
hai,Ngon_ngu_kieu_tinh_va_dong.txt,1
bán,Ngon_ngu_kieu_tinh_va_dong.txt,1
vừa,Ngon_ngu_kieu_tinh_va_dong.txt,2
nhóm,Ngon_ngu_kieu_tinh_va_dong.txt,1
bảo,Ngon_ngu_kieu_tinh_va_dong.txt,1
bảo,Su_phat_trien_cua_Java.txt,1
trì,Ngon_ngu_kieu_tinh_va_dong.txt,1
python,Python_trong_khoa_hoc_du_lieu.txt,5
ưa,Python_trong_khoa_hoc_du_lieu.txt,1
chuộng,Python_trong_khoa_hoc_du_lieu.txt,1
numpy,Python_trong_khoa_hoc_du_lieu.txt,2
pandas,Python_trong_khoa_hoc_du_lieu.txt,2
tensorflow,Python_trong_khoa_hoc_du_lieu.txt,2
phân,Python_trong_khoa_hoc_du_lieu.txt,2
nhất,Python_trong_khoa_hoc_du_lieu.txt,1
nhất,Su_phat_trien_cua_Java.txt,1
matplotlib,Python_trong_khoa_hoc_du_lieu.txt,1
scikit,Python_trong_khoa_hoc_du_lieu.txt,1
learn,Python_trong_khoa_hoc_du_lieu.txt,1
kê,Python_trong_khoa_hoc_du_lieu.txt,1
deep,Python_trong_khoa_hoc_du_lieu.txt,1
learning,Python_trong_khoa_hoc_du_lieu.txt,1
pytorch,Python_trong_khoa_hoc_du_lieu.txt,1
luôn,Python_trong_khoa_hoc_du_lieu.txt,1
mới,Python_trong_khoa_hoc_du_lieu.txt,1
mới,Su_phat_trien_cua_Java.txt,1
khai,Python_trong_khoa_hoc_du_lieu.txt,1
java,Su_phat_trien_cua_Java.txt,6
mật,Su_phat_trien_cua_Java.txt,1
cấu,Su_phat_trien_cua_Java.txt,1
viết,Su_phat_trien_cua_Java.txt,1
lần,Su_phat_trien_cua_Java.txt,1
kỳ,Su_phat_trien_cua_Java.txt,1
đâu,Su_phat_trien_cua_Java.txt,1
doanh,Su_phat_trien_cua_Java.txt,2
nghiệp,Su_phat_trien_cua_Java.txt,2
android,Su_phat_trien_cua_Java.txt,1
châm,Su_phat_trien_cua_Java.txt,1
write,Su_phat_trien_cua_Java.txt,1
once,Su_phat_trien_cua_Java.txt,1
run,Su_phat_trien_cua_Java.txt,1
anywhere,Su_phat_trien_cua_Java.txt,1
jvm,Su_phat_trien_cua_Java.txt,1
rãi,Su_phat_trien_cua_Java.txt,1
di,Su_phat_trien_cua_Java.txt,1
nghìn,Su_phat_trien_cua_Java.txt,1
spring,Su_phat_trien_cua_Java.txt,1
hibernate,Su_phat_trien_cua_Java.txt,1
bền,Su_phat_trien_cua_Java.txt,1
vững,Su_phat_trien_cua_Java.txt,1
ngừng,Su_phat_trien_cua_Java.txt,1
phiên,Su_phat_trien_cua_Java.txt,1
luồng,Su_phat_trien_cua_Java.txt,1
